--Trabalho de Laboratório de Banco de Dados da Universidade Federal de Mato Grosso do Sul
--Professor(a):
--Ivone Penque Matsuno Yugoshi

--MarceDB - Sistema de gestão para marcenaria.

--Autor:
--Matheus Henrique dos Santos Gomes

--Arquivo para a povoação do banco de dados:

-- CLIENTES (30 registros)
INSERT INTO cliente (id_cliente, cpf, nomeCliente) VALUES
(1, '12345678901', 'João Silva'),
(2, '23456789012', 'Maria Santos'),
(3, '34567890123', 'Pedro Oliveira'),
(4, '45678901234', 'Ana Costa'),
(5, '56789012345', 'Carlos Pereira'),
(6, '67890123456', 'Fernanda Lima'),
(7, '78901234567', 'Ricardo Almeida'),
(8, '89012345678', 'Juliana Rodrigues'),
(9, '90123456789', 'Marcos Souza'),
(10, '01234567890', 'Patrícia Ferreira'),
(11, '11223344556', 'Roberto Martins'),
(12, '22334455667', 'Amanda Costa'),
(13, '33445566778', 'Diego Santos'),
(14, '44556677889', 'Camila Oliveira'),
(15, '55667788990', 'Bruno Silva'),
(16, '66778899001', 'Letícia Pereira'),
(17, '77889900112', 'Gustavo Lima'),
(18, '88990011223', 'Tatiane Alves'),
(19, '99001122334', 'Rafael Costa'),
(20, '00112233445', 'Vanessa Souza'),
(21, '10111213141', 'Leonardo Martins'),
(22, '20212223242', 'Cristina Oliveira'),
(23, '30313233343', 'Fábio Silva'),
(24, '40414243444', 'Daniela Santos'),
(25, '50515253545', 'Alexandre Costa'),
(26, '60616263646', 'Simone Pereira'),
(27, '70717273747', 'Thiago Lima'),
(28, '80818283848', 'Larissa Almeida'),
(29, '90919293949', 'Vinícius Rodrigues'),
(30, '01020304050', 'Bianca Souza');

-- MÓDULOS (50 registros)
INSERT INTO modulo (id_modulo) VALUES
(1), (2), (3), (4), (5), (6), (7), (8), (9), (10),
(11), (12), (13), (14), (15), (16), (17), (18), (19), (20),
(21), (22), (23), (24), (25), (26), (27), (28), (29), (30),
(31), (32), (33), (34), (35), (36), (37), (38), (39), (40),
(41), (42), (43), (44), (45), (46), (47), (48), (49), (50);

-- FUNCIONÁRIOS (30 registros)
INSERT INTO funcionario (id_func, salario, id_funcGerente) VALUES
(1, 8000.00, NULL), (2, 7500.00, NULL), (3, 8200.00, NULL), (4, 7800.00, NULL), (5, 8500.00, NULL),
(6, 3500.00, 1), (7, 3200.00, 1), (8, 3800.00, 1), (9, 3400.00, 2), (10, 3600.00, 2),
(11, 3300.00, 2), (12, 3700.00, 3), (13, 3550.00, 3), (14, 3650.00, 3), (15, 3450.00, 4),
(16, 3750.00, 4), (17, 3250.00, 4), (18, 3850.00, 5), (19, 3350.00, 5), (20, 3950.00, 5),
(21, 4200.00, NULL), (22, 4100.00, NULL), (23, 4300.00, NULL), (24, 4400.00, NULL), (25, 4500.00, NULL),
(26, 4600.00, NULL), (27, 4700.00, NULL), (28, 4800.00, NULL), (29, 4900.00, NULL), (30, 5000.00, NULL);

-- MONTADORES (12 registros)
INSERT INTO montador (id_funcMontador, externo) VALUES
(6, FALSE), (7, TRUE), (9, FALSE), (11, TRUE), (13, FALSE),
(15, TRUE), (17, FALSE), (19, TRUE), (21, FALSE), (23, TRUE),
(26, FALSE), (28, TRUE);

-- OPERADORES (10 registros)
INSERT INTO operador (id_funcOperador, maquina) VALUES
(8, 'Serra CNC T800'), (10, 'Cortadora Laser CL300'), (12, 'Serra CNC T800'),
(14, 'Fresa Industrial FI150'), (16, 'Cortadora Laser CL300'), (18, 'Serra CNC T800'),
(20, 'Fresa Industrial FI150'), (22, 'Cortadora Laser CL300'), (25, 'Serra CNC T800'),
(27, 'Cortadora Laser CL300');

-- VENDEDORES (8 registros)
INSERT INTO vendedor (id_funcVendedor, cidadeAtua) VALUES
(1, 'Campo Grande'), (2, 'Dourados'), (3, 'Três Lagoas'),
(4, 'Corumbá'), (5, 'Ponta Porã'), (24, 'Campo Grande'), 
(25, 'Dourados'), (29, 'Três Lagoas');

-- PROJETOS (40 registros)
INSERT INTO projeto (id_projeto, ambientes, valorVenda, diaVendido, garantiaMesVenda, id_cli, id_funcVendedor) VALUES
(1, 'Cozinha completa', 25000.00, '2024-01-15', 24, 1, 1),
(2, 'Quarto casal', 12000.00, '2024-01-20', 12, 1, 1),
(3, 'Home office', 8000.00, '2024-02-10', 6, 1, 1),
(4, 'Sala de estar', 18000.00, '2024-01-25', 18, 2, 2),
(5, 'Varanda gourmet', 15000.00, '2024-02-05', 12, 2, 2),
(6, 'Closet', 9000.00, '2024-03-15', 12, 2, 2),
(7, 'Cozinha compacta', 22000.00, '2024-02-01', 12, 3, 3),
(8, 'Área de serviço', 7500.00, '2024-02-20', 6, 3, 3),
(9, 'Escritório corporativo', 35000.00, '2024-03-01', 36, 4, 4),
(10, 'Biblioteca', 22000.00, '2024-03-10', 18, 4, 4),
(11, 'Quarto infantil', 7500.00, '2024-03-15', 12, 4, 4),
(12, 'Home theater', 28000.00, '2024-04-01', 24, 4, 4),
(13, 'Área gourmet', 32000.00, '2024-03-20', 18, 5, 5),
(14, 'Lavabo', 4500.00, '2024-04-05', 6, 5, 5),
(15, 'Cozinha industrial', 42000.00, '2024-04-10', 24, 6, 24),
(16, 'Sala comercial', 28000.00, '2024-04-15', 18, 7, 25),
(17, 'Quarto estudante', 5000.00, '2024-04-20', 6, 8, 1),
(18, 'Banheiro social', 7000.00, '2024-05-01', 12, 9, 2),
(19, 'Cozinha americana', 16000.00, '2024-05-05', 12, 10, 3),
(20, 'Suite master', 18500.00, '2024-05-10', 18, 11, 4),
(21, 'Closet executivo', 16800.00, '2024-05-15', 12, 12, 5),
(22, 'Home office premium', 12500.00, '2024-05-20', 12, 13, 24),
(23, 'Cozinha gourmet', 38000.00, '2024-06-01', 36, 14, 25),
(24, 'Quarto hóspedes', 5800.00, '2024-06-05', 6, 15, 1),
(25, 'Sala TV', 11200.00, '2024-06-10', 12, 16, 2),
(26, 'Escritório studio', 9200.00, '2024-06-15', 6, 17, 3),
(27, 'Área zen', 6700.00, '2024-06-20', 6, 18, 4),
(28, 'Cozinha padrão', 19500.00, '2024-07-01', 18, 19, 5),
(29, 'Varanda', 8500.00, '2024-07-05', 6, 20, 24),
(30, 'Área de trabalho', 7200.00, '2024-07-10', 6, 21, 25),
(31, 'Closet casal', 13500.00, '2024-07-15', 12, 22, 1),
(32, 'Quarto solteiro', 6200.00, '2024-07-20', 6, 23, 2),
(33, 'Sala jantar', 14500.00, '2024-08-01', 12, 24, 3),
(34, 'Cozinha completa', 26500.00, '2024-08-05', 24, 25, 4),
(35, 'Escritório home', 9500.00, '2024-08-10', 12, 26, 5),
(36, 'Área gourmet', 28000.00, '2024-08-15', 18, 27, 24),
(37, 'Home theater', 32000.00, '2024-08-20', 24, 28, 25),
(38, 'Cozinha americana', 16000.00, '2024-09-01', 12, 29, 1),
(39, 'Suite master', 18500.00, '2024-09-05', 18, 30, 2),
(40, 'Closet executivo', 16800.00, '2024-09-10', 12, 1, 3);

-- ESTOQUE CHAPAS (40 registros - dimensões em mm)
INSERT INTO estoqueChapa (id_chapa, cor, espessura, qtd) VALUES
(1, 'Branco', 15.00, 45), (2, 'Preto', 15.00, 32), (3, 'Carvalho', 18.00, 38),
(4, 'Nogueira', 18.00, 28), (5, 'Cinza', 15.00, 42), (6, 'Branco', 18.00, 35),
(7, 'Carvalho', 15.00, 40), (8, 'Ébano', 18.00, 25), (9, 'Mogno', 25.00, 18),
(10, 'Cinza', 18.00, 30), (11, 'Branco', 15.00, 48), (12, 'Preto', 18.00, 27),
(13, 'Carvalho', 25.00, 22), (14, 'Nogueira', 15.00, 36), (15, 'Cinza', 18.00, 33),
(16, 'Branco', 18.00, 39), (17, 'Carvalho', 15.00, 41), (18, 'Preto', 25.00, 20),
(19, 'Nogueira', 18.00, 29), (20, 'Cinza', 25.00, 16), (21, 'Branco', 25.00, 21),
(22, 'Carvalho', 15.00, 44), (23, 'Preto', 15.00, 31), (24, 'Nogueira', 18.00, 34),
(25, 'Cinza', 15.00, 37), (26, 'Branco', 18.00, 32), (27, 'Carvalho', 18.00, 35),
(28, 'Preto', 18.00, 26), (29, 'Nogueira', 25.00, 15), (30, 'Cinza', 18.00, 28),
(31, 'Branco', 15.00, 43), (32, 'Carvalho', 18.00, 36), (33, 'Preto', 18.00, 24),
(34, 'Nogueira', 25.00, 17), (35, 'Cinza', 15.00, 39), (36, 'Branco', 18.00, 41),
(37, 'Carvalho', 18.00, 34), (38, 'Preto', 25.00, 19), (39, 'Nogueira', 15.00, 32),
(40, 'Cinza', 18.00, 30);

--cortes
INSERT INTO corte (id_corte, cortado, diaCortado, inicio_corte, fim_corte, id_chapaUsar, id_funcCortou, id_projOrigem) VALUES
(1, TRUE, '2024-01-16', '08:00:00', '10:30:00', 1, 8, 1),
(2, TRUE, '2024-01-16', '10:45:00', '12:15:00', 3, 8, 1),
(3, TRUE, '2024-01-16', '13:30:00', '15:45:00', 5, 10, 1),
(4, TRUE, '2024-01-17', '08:15:00', '11:00:00', 7, 10, 1),
(5, TRUE, '2024-01-17', '11:30:00', '14:15:00', 9, 12, 1),
(6, TRUE, '2024-01-18', '08:00:00', '10:00:00', 11, 12, 1),
(7, TRUE, '2024-01-18', '10:30:00', '12:00:00', 13, 14, 1),
(8, TRUE, '2024-01-18', '13:00:00', '15:30:00', 15, 14, 1),
(9, TRUE, '2024-01-19', '08:00:00', '11:00:00', 17, 16, 1),
(10, TRUE, '2024-01-19', '11:30:00', '13:30:00', 19, 16, 1),
(11, TRUE, '2024-01-19', '14:00:00', '16:00:00', 21, 18, 1),
(12, TRUE, '2024-01-20', '08:00:00', '10:00:00', 23, 18, 1),
(13, TRUE, '2024-01-20', '10:30:00', '12:30:00', 25, 20, 1),
(14, TRUE, '2024-01-20', '13:30:00', '15:30:00', 27, 20, 1),
(15, TRUE, '2024-01-21', '08:00:00', '10:00:00', 29, 22, 1),
(16, TRUE, '2024-01-22', '08:30:00', '10:00:00', 2, 25, 2),
(17, TRUE, '2024-01-22', '10:30:00', '12:00:00', 4, 25, 2),
(18, TRUE, '2024-01-22', '13:30:00', '15:00:00', 6, 27, 2),
(19, TRUE, '2024-01-23', '08:00:00', '09:30:00', 8, 27, 2),
(20, TRUE, '2024-01-23', '10:00:00', '11:30:00', 10, 8, 2),
(21, TRUE, '2024-01-23', '13:00:00', '14:30:00', 12, 8, 2),
(22, TRUE, '2024-01-24', '08:30:00', '10:00:00', 14, 10, 2),
(23, TRUE, '2024-01-24', '10:30:00', '12:00:00', 16, 10, 2),
(24, FALSE, NULL, NULL, NULL, 18, NULL, 3),
(25, FALSE, NULL, NULL, NULL, 20, NULL, 3),
(26, FALSE, NULL, NULL, NULL, 22, NULL, 3),
(27, FALSE, NULL, NULL, NULL, 24, NULL, 3),
(28, FALSE, NULL, NULL, NULL, 26, NULL, 3),
(29, TRUE, '2024-01-26', '08:00:00', '10:00:00', 1, 16, 4),
(30, TRUE, '2024-01-26', '10:30:00', '12:30:00', 3, 18, 4),
(31, TRUE, '2024-01-26', '13:30:00', '15:30:00', 5, 18, 4),
(32, TRUE, '2024-01-27', '08:00:00', '10:30:00', 7, 20, 4),
(33, TRUE, '2024-01-27', '11:00:00', '13:00:00', 9, 20, 4),
(34, TRUE, '2024-01-27', '14:00:00', '16:00:00', 11, 22, 4),
(35, TRUE, '2024-01-28', '08:00:00', '10:00:00', 13, 22, 4),
(36, TRUE, '2024-01-28', '10:30:00', '12:00:00', 15, 25, 4),
(37, TRUE, '2024-01-28', '13:00:00', '15:00:00', 17, 25, 4),
(38, TRUE, '2024-01-29', '08:00:00', '10:00:00', 19, 27, 4),
(39, TRUE, '2024-02-06', '08:00:00', '09:30:00', 21, 27, 5),
(40, TRUE, '2024-02-06', '10:00:00', '11:30:00', 23, 8, 5),
(41, TRUE, '2024-02-06', '13:00:00', '14:30:00', 25, 8, 5),
(42, TRUE, '2024-02-07', '08:00:00', '10:00:00', 27, 10, 5),
(43, TRUE, '2024-02-07', '10:30:00', '12:00:00', 29, 10, 5),
(44, TRUE, '2024-02-07', '13:30:00', '15:00:00', 31, 12, 5),
(45, TRUE, '2024-02-08', '08:00:00', '09:30:00', 33, 12, 5),
(46, TRUE, '2024-03-16', '08:30:00', '10:00:00', 2, 14, 6),
(47, TRUE, '2024-03-16', '10:30:00', '12:00:00', 4, 14, 6),
(48, TRUE, '2024-03-16', '13:30:00', '15:00:00', 6, 16, 6),
(49, TRUE, '2024-03-17', '08:00:00', '09:30:00', 8, 16, 6),
(50, TRUE, '2024-03-17', '10:00:00', '11:30:00', 10, 18, 6),
(51, TRUE, '2024-02-02', '08:00:00', '10:00:00', 12, 18, 7),
(52, TRUE, '2024-02-02', '10:30:00', '12:30:00', 14, 20, 7),
(53, TRUE, '2024-02-02', '13:30:00', '15:30:00', 16, 20, 7),
(54, TRUE, '2024-02-03', '08:00:00', '10:30:00', 18, 22, 7),
(55, TRUE, '2024-02-03', '11:00:00', '13:00:00', 20, 22, 7),
(56, TRUE, '2024-02-03', '14:00:00', '16:00:00', 22, 25, 7),
(57, TRUE, '2024-02-04', '08:00:00', '10:00:00', 24, 25, 7),
(58, TRUE, '2024-02-04', '10:30:00', '12:00:00', 26, 27, 7),
(59, TRUE, '2024-02-21', '08:00:00', '09:30:00', 28, 27, 8),
(60, TRUE, '2024-02-21', '10:00:00', '11:30:00', 30, 8, 8),
(61, TRUE, '2024-02-21', '13:00:00', '14:30:00', 32, 8, 8),
(62, TRUE, '2024-02-22', '08:00:00', '09:30:00', 34, 10, 8),
(63, TRUE, '2024-02-22', '10:00:00', '11:30:00', 36, 10, 8),
(64, TRUE, '2024-03-02', '08:00:00', '10:30:00', 1, 12, 9),
(65, TRUE, '2024-03-02', '11:00:00', '13:30:00', 3, 12, 9),
(66, TRUE, '2024-03-03', '08:00:00', '11:00:00', 5, 14, 9),
(67, TRUE, '2024-03-03', '11:30:00', '14:00:00', 7, 14, 9),
(68, TRUE, '2024-03-04', '08:00:00', '10:30:00', 9, 16, 9),
(69, TRUE, '2024-03-04', '11:00:00', '13:00:00', 11, 16, 9),
(70, TRUE, '2024-03-04', '13:30:00', '16:00:00', 13, 18, 9),
(71, TRUE, '2024-03-05', '08:00:00', '11:00:00', 15, 18, 9),
(72, TRUE, '2024-03-05', '11:30:00', '14:00:00', 17, 20, 9),
(73, TRUE, '2024-03-06', '08:00:00', '10:30:00', 19, 20, 9),
(74, TRUE, '2024-03-06', '11:00:00', '13:30:00', 21, 22, 9),
(75, TRUE, '2024-03-07', '08:00:00', '11:00:00', 23, 22, 9),
(76, TRUE, '2024-03-07', '11:30:00', '14:00:00', 25, 25, 9),
(77, TRUE, '2024-03-08', '08:00:00', '10:30:00', 27, 25, 9),
(78, TRUE, '2024-03-08', '11:00:00', '13:00:00', 29, 27, 9),
(79, TRUE, '2024-03-08', '13:30:00', '16:00:00', 31, 27, 9),
(80, TRUE, '2024-03-09', '08:00:00', '10:30:00', 33, 8, 9),
(81, TRUE, '2024-03-09', '11:00:00', '13:30:00', 35, 8, 9),
(82, TRUE, '2024-03-10', '08:00:00', '11:00:00', 37, 10, 9),
(83, TRUE, '2024-03-10', '11:30:00', '14:00:00', 39, 10, 9),
(84, TRUE, '2024-03-11', '08:00:00', '10:00:00', 2, 12, 10),
(85, TRUE, '2024-03-11', '10:30:00', '12:30:00', 4, 12, 10),
(86, TRUE, '2024-03-11', '13:30:00', '15:30:00', 6, 14, 10),
(87, TRUE, '2024-03-12', '08:00:00', '10:30:00', 8, 14, 10),
(88, TRUE, '2024-03-12', '11:00:00', '13:00:00', 10, 16, 10),
(89, TRUE, '2024-03-12', '14:00:00', '16:00:00', 12, 16, 10),
(90, TRUE, '2024-03-13', '08:00:00', '10:00:00', 14, 18, 10),
(91, TRUE, '2024-03-13', '10:30:00', '12:00:00', 16, 18, 10),
(92, TRUE, '2024-03-13', '13:00:00', '15:00:00', 18, 20, 10),
(93, TRUE, '2024-03-14', '08:00:00', '10:00:00', 20, 20, 10),
(94, TRUE, '2024-03-14', '10:30:00', '12:30:00', 22, 22, 10),
(95, TRUE, '2024-03-14', '13:30:00', '15:30:00', 24, 22, 10),
(96, TRUE, '2024-03-16', '08:00:00', '09:30:00', 26, 25, 11),
(97, TRUE, '2024-03-16', '10:00:00', '11:30:00', 28, 25, 11),
(98, TRUE, '2024-03-16', '13:00:00', '14:30:00', 30, 27, 11),
(99, TRUE, '2024-03-17', '08:00:00', '09:30:00', 32, 27, 11),
(100, TRUE, '2024-03-17', '10:00:00', '11:30:00', 34, 8, 11),
(101, TRUE, '2024-03-17', '13:00:00', '14:30:00', 36, 8, 11),
(102, TRUE, '2024-04-02', '08:00:00', '10:00:00', 1, 10, 12),
(103, TRUE, '2024-04-02', '10:30:00', '12:30:00', 3, 10, 12),
(104, TRUE, '2024-04-02', '13:30:00', '15:30:00', 5, 12, 12),
(105, TRUE, '2024-04-03', '08:00:00', '10:30:00', 7, 12, 12),
(106, TRUE, '2024-04-03', '11:00:00', '13:00:00', 9, 14, 12),
(107, TRUE, '2024-04-03', '14:00:00', '16:00:00', 11, 14, 12),
(108, TRUE, '2024-04-04', '08:00:00', '10:00:00', 13, 16, 12),
(109, TRUE, '2024-04-04', '10:30:00', '12:00:00', 15, 16, 12),
(110, TRUE, '2024-04-04', '13:00:00', '15:00:00', 17, 18, 12),
(111, TRUE, '2024-04-05', '08:00:00', '10:00:00', 19, 18, 12),
(112, TRUE, '2024-03-21', '08:00:00', '10:30:00', 21, 20, 13),
(113, TRUE, '2024-03-21', '11:00:00', '13:30:00', 23, 20, 13),
(114, TRUE, '2024-03-22', '08:00:00', '11:00:00', 25, 22, 13),
(115, TRUE, '2024-03-22', '11:30:00', '14:00:00', 27, 22, 13),
(116, TRUE, '2024-03-23', '08:00:00', '10:30:00', 29, 25, 13),
(117, TRUE, '2024-03-23', '11:00:00', '13:00:00', 31, 25, 13),
(118, TRUE, '2024-03-23', '13:30:00', '16:00:00', 33, 27, 13),
(119, TRUE, '2024-03-24', '08:00:00', '11:00:00', 35, 27, 13),
(120, TRUE, '2024-03-24', '11:30:00', '14:00:00', 37, 8, 13),
(121, TRUE, '2024-03-25', '08:00:00', '10:30:00', 39, 8, 13),
(122, TRUE, '2024-03-25', '11:00:00', '13:30:00', 1, 10, 13),
(123, TRUE, '2024-03-26', '08:00:00', '11:00:00', 3, 10, 13),
(124, TRUE, '2024-03-26', '11:30:00', '14:00:00', 5, 12, 13),
(125, TRUE, '2024-03-27', '08:00:00', '10:30:00', 7, 12, 13),
(126, TRUE, '2024-03-27', '11:00:00', '13:00:00', 9, 14, 13),
(127, TRUE, '2024-04-06', '08:30:00', '10:00:00', 11, 14, 14),
(128, TRUE, '2024-04-06', '10:30:00', '12:00:00', 13, 16, 14),
(129, TRUE, '2024-04-06', '13:30:00', '15:00:00', 15, 16, 14),
(130, TRUE, '2024-04-07', '08:00:00', '09:30:00', 17, 18, 14),
(131, TRUE, '2024-04-11', '08:00:00', '10:30:00', 19, 18, 15),
(132, TRUE, '2024-04-11', '11:00:00', '13:30:00', 21, 20, 15),
(133, TRUE, '2024-04-12', '08:00:00', '11:00:00', 23, 20, 15),
(134, TRUE, '2024-04-12', '11:30:00', '14:00:00', 25, 22, 15),
(135, TRUE, '2024-04-13', '08:00:00', '10:30:00', 27, 22, 15),
(136, TRUE, '2024-04-13', '11:00:00', '13:00:00', 29, 25, 15),
(137, TRUE, '2024-04-13', '13:30:00', '16:00:00', 31, 25, 15),
(138, TRUE, '2024-04-14', '08:00:00', '11:00:00', 33, 27, 15),
(139, TRUE, '2024-04-14', '11:30:00', '14:00:00', 35, 27, 15),
(140, TRUE, '2024-04-15', '08:00:00', '10:30:00', 37, 8, 15),
(141, TRUE, '2024-04-15', '11:00:00', '13:30:00', 39, 8, 15),
(142, TRUE, '2024-04-16', '08:00:00', '11:00:00', 2, 10, 15),
(143, TRUE, '2024-04-16', '11:30:00', '14:00:00', 4, 10, 15),
(144, TRUE, '2024-04-17', '08:00:00', '10:30:00', 6, 12, 15),
(145, TRUE, '2024-04-17', '11:00:00', '13:00:00', 8, 12, 15),
(146, TRUE, '2024-04-17', '13:30:00', '16:00:00', 10, 14, 15),
(147, TRUE, '2024-04-18', '08:00:00', '10:30:00', 12, 14, 15),
(148, TRUE, '2024-04-18', '11:00:00', '13:30:00', 14, 16, 15),
(149, TRUE, '2024-04-16', '08:00:00', '10:00:00', 16, 16, 16),
(150, TRUE, '2024-04-16', '10:30:00', '12:30:00', 18, 18, 16),
(151, TRUE, '2024-04-16', '13:30:00', '15:30:00', 20, 18, 16),
(152, TRUE, '2024-04-17', '08:00:00', '10:30:00', 22, 20, 16),
(153, TRUE, '2024-04-17', '11:00:00', '13:00:00', 24, 20, 16),
(154, TRUE, '2024-04-17', '14:00:00', '16:00:00', 26, 22, 16),
(155, TRUE, '2024-04-18', '08:00:00', '10:00:00', 28, 22, 16),
(156, TRUE, '2024-04-18', '10:30:00', '12:00:00', 30, 25, 16),
(157, TRUE, '2024-04-18', '13:00:00', '15:00:00', 32, 25, 16),
(158, TRUE, '2024-04-19', '08:00:00', '10:00:00', 34, 27, 16),
(159, TRUE, '2024-04-19', '10:30:00', '12:30:00', 36, 27, 16),
(160, TRUE, '2024-04-19', '13:30:00', '15:30:00', 38, 8, 16),
(161, TRUE, '2024-04-21', '08:30:00', '10:00:00', 1, 8, 17),
(162, TRUE, '2024-04-21', '10:30:00', '12:00:00', 3, 10, 17),
(163, TRUE, '2024-04-21', '13:30:00', '15:00:00', 5, 10, 17),
(164, TRUE, '2024-04-22', '08:00:00', '09:30:00', 7, 12, 17),
(165, TRUE, '2024-04-22', '10:00:00', '11:30:00', 9, 12, 17),
(166, TRUE, '2024-05-02', '08:00:00', '09:30:00', 11, 14, 18),
(167, TRUE, '2024-05-02', '10:00:00', '11:30:00', 13, 14, 18),
(168, TRUE, '2024-05-02', '13:00:00', '14:30:00', 15, 16, 18),
(169, TRUE, '2024-05-03', '08:00:00', '09:30:00', 17, 16, 18),
(170, TRUE, '2024-05-03', '10:00:00', '11:30:00', 19, 18, 18),
(171, TRUE, '2024-05-03', '13:00:00', '14:30:00', 21, 18, 18),
(172, TRUE, '2024-05-06', '08:00:00', '10:00:00', 23, 20, 19),
(173, TRUE, '2024-05-06', '10:30:00', '12:30:00', 25, 20, 19),
(174, TRUE, '2024-05-06', '13:30:00', '15:30:00', 27, 22, 19),
(175, TRUE, '2024-05-07', '08:00:00', '10:30:00', 29, 22, 19),
(176, TRUE, '2024-05-07', '11:00:00', '13:00:00', 31, 25, 19),
(177, TRUE, '2024-05-07', '14:00:00', '16:00:00', 33, 25, 19),
(178, TRUE, '2024-05-08', '08:00:00', '10:00:00', 35, 27, 19),
(179, TRUE, '2024-05-08', '10:30:00', '12:00:00', 37, 27, 19),
(180, TRUE, '2024-05-11', '08:00:00', '10:00:00', 39, 8, 20),
(181, TRUE, '2024-05-11', '10:30:00', '12:30:00', 2, 8, 20),
(182, TRUE, '2024-05-11', '13:30:00', '15:30:00', 4, 10, 20),
(183, TRUE, '2024-05-12', '08:00:00', '10:30:00', 6, 10, 20),
(184, TRUE, '2024-05-12', '11:00:00', '13:00:00', 8, 12, 20),
(185, TRUE, '2024-05-12', '14:00:00', '16:00:00', 10, 12, 20),
(186, TRUE, '2024-05-13', '08:00:00', '10:00:00', 12, 14, 20),
(187, TRUE, '2024-05-13', '10:30:00', '12:00:00', 14, 14, 20),
(188, TRUE, '2024-05-13', '13:00:00', '15:00:00', 16, 16, 20),
(189, TRUE, '2024-05-14', '08:00:00', '10:00:00', 18, 16, 20),
(190, TRUE, '2024-05-15', '08:30:00', '10:00:00', 20, 18, 21),
(191, TRUE, '2024-05-15', '10:30:00', '12:00:00', 22, 18, 21),
(192, TRUE, '2024-05-16', '08:00:00', '09:30:00', 24, 20, 22),
(193, TRUE, '2024-05-16', '10:00:00', '11:30:00', 26, 20, 22),
(194, TRUE, '2024-05-17', '08:00:00', '10:00:00', 28, 22, 23),
(195, TRUE, '2024-05-17', '10:30:00', '12:30:00', 30, 22, 23),
(196, TRUE, '2024-06-02', '08:00:00', '09:30:00', 32, 25, 24),
(197, TRUE, '2024-06-02', '10:00:00', '11:30:00', 34, 25, 24),
(198, TRUE, '2024-06-03', '08:00:00', '10:00:00', 36, 27, 25),
(199, FALSE, NULL, NULL, NULL, 38, NULL, 40),
(200, FALSE, NULL, NULL, NULL, 40, NULL, 40);

--peças dos módulos
INSERT INTO peca (id_peca, altura, espessura, largura, id_corteOrigem, id_moduloDestino) VALUES
(1, 700, 15, 500, 1, 1), (2, 1800, 15, 600, 1, 1), (3, 800, 15, 400, 1, 1),
(4, 2200, 18, 600, 2, 2), (5, 900, 18, 300, 2, 2), (6, 600, 18, 500, 2, 2),
(7, 2400, 15, 800, 3, 3), (8, 700, 15, 350, 3, 3), (9, 1200, 15, 450, 3, 3),
(10, 1600, 15, 550, 4, 4), (11, 800, 15, 300, 4, 4), (12, 2000, 15, 600, 4, 4),
(13, 1400, 25, 700, 5, 5), (14, 900, 25, 400, 5, 5), (15, 1800, 25, 500, 5, 5),
(16, 2100, 15, 650, 6, 6), (17, 750, 15, 350, 6, 6), (18, 1500, 15, 550, 6, 6),
(19, 1900, 18, 750, 7, 7), (20, 850, 18, 400, 7, 7), (21, 1300, 18, 500, 7, 7),
(22, 1700, 18, 600, 8, 8), (23, 950, 18, 450, 8, 8), (24, 1100, 18, 350, 8, 8),
(25, 2300, 15, 800, 9, 9), (26, 780, 15, 380, 9, 9), (27, 1650, 15, 580, 9, 9),
(28, 1450, 15, 480, 10, 10), (29, 820, 15, 320, 10, 10), (30, 1950, 15, 680, 10, 10),
(31, 2050, 15, 720, 16, 11), (32, 880, 15, 420, 16, 11), (33, 1250, 15, 520, 16, 11),
(34, 1750, 18, 620, 17, 12), (35, 920, 18, 370, 17, 12), (36, 1350, 18, 470, 17, 12),
(37, 1850, 15, 580, 18, 13), (38, 680, 15, 280, 18, 13), (39, 1550, 15, 480, 18, 13),
(40, 1950, 18, 680, 19, 14), (41, 720, 18, 320, 19, 14), (42, 1400, 18, 520, 19, 14),
(43, 1650, 15, 450, 20, 15), (44, 780, 15, 250, 20, 15), (45, 1250, 15, 350, 20, 15),
(46, 2150, 15, 750, 24, 16), (47, 650, 15, 300, 24, 16), (48, 1450, 15, 500, 24, 16),
(49, 1750, 18, 650, 25, 17), (50, 850, 18, 350, 25, 17), (51, 1350, 18, 550, 25, 17),
(52, 1950, 15, 700, 26, 18), (53, 750, 15, 400, 26, 18), (54, 1550, 15, 600, 26, 18),
(55, 1650, 18, 450, 27, 16), (56, 950, 18, 250, 27, 16), (57, 1250, 18, 350, 27, 16),
(58, 1850, 15, 600, 28, 17), (59, 680, 15, 280, 28, 17), (60, 1400, 15, 480, 28, 17),
(61, 2050, 15, 720, 29, 19), (62, 720, 15, 320, 29, 19), (63, 1550, 15, 520, 29, 19),
(64, 1750, 18, 620, 30, 20), (65, 820, 18, 370, 30, 20), (66, 1350, 18, 470, 30, 20),
(67, 1950, 15, 680, 31, 21), (68, 780, 15, 380, 31, 21), (69, 1450, 15, 580, 31, 21),
(70, 1650, 18, 450, 32, 22), (71, 850, 18, 250, 32, 22), (72, 1250, 18, 350, 32, 22),
(73, 1850, 15, 600, 33, 19), (74, 680, 15, 280, 33, 19), (75, 1400, 15, 480, 33, 19),
(76, 1750, 18, 650, 34, 20), (77, 750, 18, 350, 34, 20), (78, 1350, 18, 550, 34, 20),
(79, 1950, 15, 700, 35, 21), (80, 650, 15, 300, 35, 21), (81, 2150, 15, 750, 39, 23),
(82, 700, 15, 350, 39, 23), (83, 1550, 15, 550, 39, 23), (84, 1750, 18, 650, 40, 24),
(85, 800, 18, 400, 40, 24), (86, 1350, 18, 500, 40, 24), (87, 1950, 15, 700, 41, 25),
(88, 750, 15, 300, 41, 25), (89, 1450, 15, 500, 41, 25), (90, 1650, 18, 450, 42, 23),
(91, 850, 18, 250, 42, 23), (92, 1250, 18, 350, 42, 23), (93, 1850, 15, 600, 43, 24),
(94, 680, 15, 280, 43, 24), (95, 1400, 15, 480, 43, 24), (96, 2050, 15, 720, 46, 26),
(97, 720, 15, 320, 46, 26), (98, 1550, 15, 520, 46, 26), (99, 1750, 18, 620, 47, 27),
(100, 820, 18, 370, 47, 27), (101, 1350, 18, 470, 47, 27), (102, 1950, 15, 680, 48, 26),
(103, 780, 15, 380, 48, 26), (104, 1450, 15, 580, 49, 27), (105, 1650, 18, 450, 50, 27),
(106, 2150, 15, 750, 51, 28), (107, 650, 15, 300, 51, 28), (108, 1450, 15, 500, 51, 28),
(109, 1750, 18, 650, 52, 29), (110, 850, 18, 350, 52, 29), (111, 1350, 18, 550, 52, 29),
(112, 1950, 15, 700, 53, 28), (113, 750, 15, 400, 53, 28), (114, 1550, 15, 600, 53, 28),
(115, 1650, 18, 450, 54, 29), (116, 950, 18, 250, 54, 29), (117, 1250, 18, 350, 54, 29),
(118, 1850, 15, 600, 55, 28), (119, 680, 15, 280, 55, 28), (120, 1400, 15, 480, 56, 29),
(121, 2050, 15, 720, 59, 30), (122, 720, 15, 320, 59, 30), (123, 1550, 15, 520, 59, 30),
(124, 1750, 18, 620, 60, 31), (125, 820, 18, 370, 60, 31), (126, 1350, 18, 470, 60, 31),
(127, 1950, 15, 680, 61, 30), (128, 780, 15, 380, 61, 30), (129, 1450, 15, 580, 62, 31),
(130, 1650, 18, 450, 63, 31), (131, 2150, 15, 750, 64, 32), (132, 700, 15, 350, 64, 32),
(133, 1550, 15, 550, 64, 32), (134, 1750, 18, 650, 65, 33), (135, 800, 18, 400, 65, 33),
(136, 1350, 18, 500, 65, 33), (137, 1950, 15, 700, 66, 34), (138, 750, 15, 300, 66, 34),
(139, 1450, 15, 500, 66, 34), (140, 1650, 18, 450, 67, 35), (141, 850, 18, 250, 67, 35),
(142, 1250, 18, 350, 67, 35), (143, 1850, 15, 600, 68, 36), (144, 680, 15, 280, 68, 36),
(145, 1400, 15, 480, 68, 36), (146, 2050, 15, 720, 69, 32), (147, 720, 15, 320, 69, 32),
(148, 1550, 15, 520, 70, 33), (149, 1750, 18, 620, 71, 34), (150, 820, 18, 370, 71, 34),
(151, 1350, 18, 470, 72, 35), (152, 1950, 15, 680, 73, 36), (153, 780, 15, 380, 73, 36),
(154, 1450, 15, 580, 74, 32), (155, 1650, 18, 450, 75, 33), (156, 2150, 15, 750, 84, 37),
(157, 650, 15, 300, 84, 37), (158, 1450, 15, 500, 84, 37), (159, 1750, 18, 650, 85, 38),
(160, 850, 18, 350, 85, 38), (161, 1350, 18, 550, 85, 38), (162, 1950, 15, 700, 86, 39),
(163, 750, 15, 400, 86, 39), (164, 1550, 15, 600, 86, 39), (165, 1650, 18, 450, 87, 37),
(166, 950, 18, 250, 87, 37), (167, 1250, 18, 350, 87, 37), (168, 1850, 15, 600, 88, 38),
(169, 680, 15, 280, 88, 38), (170, 1400, 15, 480, 88, 38), (171, 2050, 15, 720, 89, 39),
(172, 720, 15, 320, 89, 39), (173, 1550, 15, 520, 90, 37), (174, 1750, 18, 620, 91, 38),
(175, 820, 18, 370, 92, 39), (176, 2050, 15, 720, 96, 40), (177, 720, 15, 320, 96, 40),
(178, 1550, 15, 520, 96, 40), (179, 1750, 18, 620, 97, 41), (180, 820, 18, 370, 97, 41),
(181, 1350, 18, 470, 97, 41), (182, 1950, 15, 680, 98, 40), (183, 780, 15, 380, 98, 40),
(184, 1450, 15, 580, 99, 41), (185, 1650, 18, 450, 100, 41), (186, 2150, 15, 750, 102, 42),
(187, 700, 15, 350, 102, 42), (188, 1550, 15, 550, 102, 42), (189, 1750, 18, 650, 103, 43),
(190, 800, 18, 400, 103, 43), (191, 1350, 18, 500, 103, 43), (192, 1950, 15, 700, 104, 44),
(193, 750, 15, 300, 104, 44), (194, 1450, 15, 500, 104, 44), (195, 1650, 18, 450, 105, 42),
(196, 850, 18, 250, 105, 42), (197, 1250, 18, 350, 106, 43), (198, 1850, 15, 600, 107, 44),
(199, 680, 15, 280, 108, 42), (200, 1400, 15, 480, 109, 43), (201, 2150, 15, 750, 112, 45),
(202, 650, 15, 300, 112, 45), (203, 1450, 15, 500, 112, 45), (204, 1750, 18, 650, 113, 46),
(205, 850, 18, 350, 113, 46), (206, 1350, 18, 550, 113, 46), (207, 1950, 15, 700, 114, 47),
(208, 750, 15, 400, 114, 47), (209, 1550, 15, 600, 114, 47), (210, 1650, 18, 450, 115, 45),
(211, 950, 18, 250, 115, 45), (212, 1250, 18, 350, 115, 45), (213, 1850, 15, 600, 116, 46),
(214, 680, 15, 280, 116, 46), (215, 1400, 15, 480, 116, 46), (216, 2050, 15, 720, 117, 47),
(217, 720, 15, 320, 117, 47), (218, 1550, 15, 520, 118, 45), (219, 1750, 18, 620, 119, 46),
(220, 820, 18, 370, 120, 47), (221, 2050, 15, 720, 127, 48), (222, 720, 15, 320, 127, 48),
(223, 1550, 15, 520, 128, 48), (224, 1750, 18, 620, 129, 48), (225, 820, 18, 370, 130, 48),
(226, 2150, 15, 750, 131, 49), (227, 700, 15, 350, 131, 49), (228, 1550, 15, 550, 131, 49),
(229, 1750, 18, 650, 132, 49), (230, 800, 18, 400, 132, 49), (231, 1350, 18, 500, 132, 49),
(232, 1950, 15, 700, 133, 49), (233, 750, 15, 300, 133, 49), (234, 1450, 15, 500, 133, 49),
(235, 1650, 18, 450, 134, 49), (236, 850, 18, 250, 134, 49), (237, 1250, 18, 350, 135, 49),
(238, 1850, 15, 600, 136, 49), (239, 680, 15, 280, 137, 49), (240, 1400, 15, 480, 138, 49),
(241, 2050, 15, 720, 149, 50), (242, 720, 15, 320, 149, 50), (243, 1550, 15, 520, 149, 50),
(244, 1750, 18, 620, 150, 50), (245, 820, 18, 370, 150, 50), (246, 1350, 18, 470, 150, 50),
(247, 1950, 15, 680, 151, 50), (248, 780, 15, 380, 151, 50), (249, 1450, 15, 580, 152, 50),
(250, 1650, 18, 450, 153, 50), (251, 950, 18, 250, 154, 50), (252, 1250, 18, 350, 155, 50),
(253, 1850, 15, 600, 156, 50), (254, 680, 15, 280, 157, 50), (255, 1400, 15, 480, 158, 50),
(256, 2150, 15, 750, 161, 1), (257, 650, 15, 300, 161, 1), (258, 1450, 15, 500, 162, 2),
(259, 1750, 18, 650, 163, 3), (260, 850, 18, 350, 163, 3), (261, 1350, 18, 550, 164, 4),
(262, 1950, 15, 700, 165, 5), (263, 750, 15, 400, 165, 5), (264, 1550, 15, 600, 166, 6),
(265, 1650, 18, 450, 167, 7), (266, 950, 18, 250, 168, 8), (267, 1250, 18, 350, 169, 9),
(268, 1850, 15, 600, 170, 10), (269, 680, 15, 280, 171, 11), (270, 1400, 15, 480, 172, 12),
(271, 2050, 15, 720, 173, 13), (272, 720, 15, 320, 174, 14), (273, 1550, 15, 520, 175, 15),
(274, 1750, 18, 620, 176, 16), (275, 820, 18, 370, 177, 17), (276, 1350, 18, 470, 178, 18),
(277, 1950, 15, 680, 179, 19), (278, 780, 15, 380, 180, 20), (279, 1450, 15, 580, 181, 21),
(280, 1650, 18, 450, 182, 22), (281, 950, 18, 250, 183, 23), (282, 1250, 18, 350, 184, 24),
(283, 1850, 15, 600, 185, 25), (284, 680, 15, 280, 186, 26), (285, 1400, 15, 480, 187, 27),
(286, 2050, 15, 720, 188, 28), (287, 720, 15, 320, 189, 29), (288, 1550, 15, 520, 190, 30),
(289, 1750, 18, 620, 191, 31), (290, 820, 18, 370, 192, 32), (291, 1350, 18, 470, 193, 33),
(292, 1950, 15, 680, 194, 34), (293, 780, 15, 380, 195, 35), (294, 1450, 15, 580, 196, 36),
(295, 1650, 18, 450, 197, 37), (296, 950, 18, 250, 198, 38), (297, 1250, 18, 350, 199, 39),
(298, 1850, 15, 600, 200, 40), (299, 680, 15, 280, 200, 40), (300, 2400, 18, 1200, 200, 50);

--módulos montados
INSERT INTO montaModulo (id_modulo, id_montador, diaMontado) VALUES
(1, 6, '2024-01-22'), (2, 7, '2024-01-23'), (3, 9, '2024-01-24'),
(4, 11, '2024-01-25'), (5, 13, '2024-01-26'), (6, 15, '2024-01-27'),
(7, 17, '2024-01-28'), (8, 19, '2024-01-29'), (9, 21, '2024-01-30'),
(10, 23, '2024-01-31'), (11, 26, '2024-02-01'), (12, 28, '2024-02-02'),
(13, 6, '2024-02-03'), (14, 7, '2024-02-04'), (15, 9, '2024-02-05'),
(16, 11, '2024-02-06'), (17, 13, '2024-02-07'), (18, 15, '2024-02-08'),
(19, 17, '2024-02-09'), (20, 19, '2024-02-10'), (21, 21, '2024-02-11'),
(22, 23, '2024-02-12'), (23, 26, '2024-02-13'), (24, 28, '2024-02-14'),
(25, 6, '2024-02-15'), (26, 7, '2024-02-16'), (27, 9, '2024-02-17'),
(28, 11, '2024-02-18'), (29, 13, '2024-02-19'), (30, 15, '2024-02-20'),
(31, 17, '2024-02-21'), (32, 19, '2024-02-22'), (33, 21, '2024-02-23'),
(34, 23, '2024-02-24'), (35, 26, '2024-02-25'), (36, 28, '2024-02-26'),
(37, 6, '2024-02-27'), (38, 7, '2024-02-28'), (39, 9, '2024-02-29'),
(40, 11, '2024-03-01'), (41, 13, '2024-03-02'), (42, 15, '2024-03-03'),
(43, 17, '2024-03-04'), (44, 19, '2024-03-05'), (45, 21, '2024-03-06'),
(46, 23, '2024-03-07'), (47, 26, '2024-03-08'), (48, 28, '2024-03-09'),
(49, 6, '2024-03-10'), (50, 7, '2024-03-11'), (1, 9, '2024-03-12'),
(2, 11, '2024-03-13'), (3, 13, '2024-03-14'), (4, 15, '2024-03-15'),
(5, 17, '2024-03-16'), (6, 19, '2024-03-17'), (7, 21, '2024-03-18'),
(8, 23, '2024-03-19'), (9, 26, '2024-03-20'), (10, 28, '2024-03-21');